nama_daerah,Latitude,Longitude
KABUPATEN BOGOR,-6.479.679,106.824.965
KABUPATEN BOGOR,-6.479.679,106.824.965
KABUPATEN BOGOR,-6.479.679,106.824.965
KABUPATEN BOGOR,-6.479.679,106.824.965
KABUPATEN BOGOR,-6.479.679,106.824.965
KABUPATEN BOGOR,-6.479.679,106.824.965
KABUPATEN BOGOR,-6.479.679,106.824.965
KABUPATEN BOGOR,-6.479.679,106.824.965
KABUPATEN BOGOR,-6.479.679,106.824.965
KABUPATEN BOGOR,-6.479.679,106.824.965
KABUPATEN BOGOR,-6.479.679,106.824.965
KABUPATEN BOGOR,-6.479.679,106.824.965
KABUPATEN SUKABUMI,-6.915.727,106.932.576
KABUPATEN SUKABUMI,-68.791.499,1.069.474.101
KABUPATEN SUKABUMI,-68.791.499,1.069.474.101
KABUPATEN SUKABUMI,-68.791.499,1.069.474.101
KABUPATEN SUKABUMI,-68.791.499,1.069.474.101,,,,,,,,,,,,
KABUPATEN SUKABUMI,-68.791.499,1.069.474.101,,,,,,,,,,,,
KABUPATEN SUKABUMI,-68.791.499,1.069.474.101,,,,,,,,,,,,
KABUPATEN SUKABUMI,-68.791.499,1.069.474.101,,,,,,,,,,,,
KABUPATEN SUKABUMI,-68.791.499,1.069.474.101,,,,,,,,,,,,
KABUPATEN SUKABUMI,-68.791.499,1.069.474.101,,,,,,,,,,,,
KABUPATEN SUKABUMI,-68.791.499,1.069.474.101,,,,,,,,,,,,
KABUPATEN SUKABUMI,-68.791.499,1.069.474.101,,,,,,,,,,,,
KABUPATEN CIANJUR,-6.822.558,107.139.542,,,,,,,,,,,,
KABUPATEN CIANJUR,-6.822.558,107.139.542,,,,,,,,,,,,
KABUPATEN CIANJUR,-6.822.558,107.139.542,,,,,,,,,,,,
KABUPATEN CIANJUR,-6.822.558,107.139.542,,,,,,,,,,,,
KABUPATEN CIANJUR,-6.822.558,107.139.542,,,,,,,,,,,,
KABUPATEN CIANJUR,-6.822.558,107.139.542,,,,,,,,,,,,
KABUPATEN CIANJUR,-6.822.558,107.139.542,,,,,,,,,,,,
KABUPATEN CIANJUR,-6.822.558,107.139.542,,,,,,,,,,,,
KABUPATEN CIANJUR,-6.822.558,107.139.542,,,,,,,,,,,,
KABUPATEN CIANJUR,-6.822.558,107.139.542,,,,,,,,,,,,
KABUPATEN CIANJUR,-6.822.558,107.139.542,,,,,,,,,,,,
KABUPATEN CIANJUR,-6.822.558,107.139.542,,,,,,,,,,,,
KABUPATEN BANDUNG,-7.012.851,107.528.627,,,,,,,,,,,,
KABUPATEN BANDUNG,-7.012.851,107.528.627,,,,,,,,,,,,
KABUPATEN BANDUNG,-7.012.851,107.528.627,,,,,,,,,,,,
KABUPATEN BANDUNG,-7.012.851,107.528.627,,,,,,,,,,,,
KABUPATEN BANDUNG,-7.012.851,107.528.627,,,,,,,,,,,,
KABUPATEN BANDUNG,-7.012.851,107.528.627,,,,,,,,,,,,
KABUPATEN BANDUNG,-7.012.851,107.528.627,,,,,,,,,,,,
KABUPATEN BANDUNG,-7.012.851,107.528.627,,,,,,,,,,,,
KABUPATEN BANDUNG,-7.012.851,107.528.627,,,,,,,,,,,,
KABUPATEN BANDUNG,-7.012.851,107.528.627,,,,,,,,,,,,
KABUPATEN BANDUNG,-7.012.851,107.528.627,,,,,,,,,,,,
KABUPATEN BANDUNG,-7.012.851,107.528.627,,,,,,,,,,,,
KABUPATEN GARUT,-7.202.988,107.885.592,,,,,,,,,,,,
KABUPATEN GARUT,-7.202.988,107.885.592,,,,,,,,,,,,
KABUPATEN GARUT,-7.202.988,107.885.592,,,,,,,,,,,,
KABUPATEN GARUT,-7.202.988,107.885.592,,,,,,,,,,,,
KABUPATEN GARUT,-7.202.988,107.885.592,,,,,,,,,,,,
KABUPATEN GARUT,-7.202.988,107.885.592,,,,,,,,,,,,
KABUPATEN GARUT,-7.202.988,107.885.592,,,,,,,,,,,,
KABUPATEN GARUT,-7.202.988,107.885.592,,,,,,,,,,,,
KABUPATEN GARUT,-7.202.988,107.885.592,,,,,,,,,,,,
KABUPATEN GARUT,-7.202.988,107.885.592,,,,,,,,,,,,
KABUPATEN GARUT,-7.202.988,107.885.592,,,,,,,,,,,,
KABUPATEN GARUT,-7.202.988,107.885.592,,,,,,,,,,,,
KABUPATEN TASIKMALAYA,-7.361.212,108.112.488,,,,,,,,,,,,
KABUPATEN TASIKMALAYA,-7.361.212,108.112.488,,,,,,,,,,,,
KABUPATEN TASIKMALAYA,-7.361.212,108.112.488,,,,,,,,,,,,
KABUPATEN TASIKMALAYA,-7.361.212,108.112.488,,,,,,,,,,,,
KABUPATEN TASIKMALAYA,-7.361.212,108.112.488,,,,,,,,,,,,
KABUPATEN TASIKMALAYA,-7.361.212,108.112.488,,,,,,,,,,,,
KABUPATEN TASIKMALAYA,-7.361.212,108.112.488,,,,,,,,,,,,
KABUPATEN TASIKMALAYA,-7.361.212,108.112.488,,,,,,,,,,,,
KABUPATEN TASIKMALAYA,-7.361.212,108.112.488,,,,,,,,,,,,
KABUPATEN TASIKMALAYA,-7.361.212,108.112.488,,,,,,,,,,,,
KABUPATEN TASIKMALAYA,-7.361.212,108.112.488,,,,,,,,,,,,
KABUPATEN TASIKMALAYA,-7.361.212,108.112.488,,,,,,,,,,,,
KABUPATEN CIAMIS,-7.325.788,1.083.514,,,,,,,,,,,,
KABUPATEN CIAMIS,-7.325.788,1.083.514,,,,,,,,,,,,
KABUPATEN CIAMIS,-7.325.788,1.083.514,,,,,,,,,,,,
KABUPATEN CIAMIS,-7.325.788,1.083.514,,,,,,,,,,,,
KABUPATEN CIAMIS,-7.325.788,1.083.514,,,,,,,,,,,,
KABUPATEN CIAMIS,-7.325.788,1.083.514,,,,,,,,,,,,
KABUPATEN CIAMIS,-7.325.788,1.083.514,,,,,,,,,,,,
KABUPATEN CIAMIS,-7.325.788,1.083.514,,,,,,,,,,,,
KABUPATEN CIAMIS,-7.325.788,1.083.514,,,,,,,,,,,,
KABUPATEN CIAMIS,-7.325.788,1.083.514,,,,,,,,,,,,
KABUPATEN CIAMIS,-7.325.788,1.083.514,,,,,,,,,,,,
KABUPATEN CIAMIS,-7.325.788,1.083.514,,,,,,,,,,,,
KABUPATEN KUNINGAN,-6.976.233,108.482.982,,,,,,,,,,,,
KABUPATEN KUNINGAN,-6.976.233,108.482.982,,,,,,,,,,,,
KABUPATEN KUNINGAN,-6.976.233,108.482.982,,,,,,,,,,,,
KABUPATEN KUNINGAN,-6.976.233,108.482.982,,,,,,,,,,,,
KABUPATEN KUNINGAN,-6.976.233,108.482.982,,,,,,,,,,,,
KABUPATEN KUNINGAN,-6.976.233,108.482.982,,,,,,,,,,,,
KABUPATEN KUNINGAN,-6.976.233,108.482.982,,,,,,,,,,,,
KABUPATEN KUNINGAN,-6.976.233,108.482.982,,,,,,,,,,,,
KABUPATEN KUNINGAN,-6.976.233,108.482.982,,,,,,,,,,,,
KABUPATEN KUNINGAN,-6.976.233,108.482.982,,,,,,,,,,,,
KABUPATEN KUNINGAN,-6.976.233,108.482.982,,,,,,,,,,,,
KABUPATEN KUNINGAN,-6.976.233,108.482.982,,,,,,,,,,,,
KABUPATEN CIREBON,-6.764.507,108.478.858,,,,,,,,,,,,
KABUPATEN CIREBON,-6.764.507,108.478.858,,,,,,,,,,,,
KABUPATEN CIREBON,-6.764.507,108.478.858,,,,,,,,,,,,
KABUPATEN CIREBON,-6.764.507,108.478.858,,,,,,,,,,,,
KABUPATEN CIREBON,-6.764.507,108.478.858,,,,,,,,,,,,
KABUPATEN CIREBON,-6.764.507,108.478.858,,,,,,,,,,,,
KABUPATEN CIREBON,-6.764.507,108.478.858,,,,,,,,,,,,
KABUPATEN CIREBON,-6.764.507,108.478.858,,,,,,,,,,,,
KABUPATEN CIREBON,-6.764.507,108.478.858,,,,,,,,,,,,
KABUPATEN CIREBON,-6.764.507,108.478.858,,,,,,,,,,,,
KABUPATEN CIREBON,-6.764.507,108.478.858,,,,,,,,,,,,
KABUPATEN CIREBON,-6.764.507,108.478.858,,,,,,,,,,,,
KABUPATEN MAJALENGKA,-6.836.531,108.227.876,,,,,,,,,,,,
KABUPATEN MAJALENGKA,-6.836.531,108.227.876,,,,,,,,,,,,
KABUPATEN MAJALENGKA,-6.836.531,108.227.876,,,,,,,,,,,,
KABUPATEN MAJALENGKA,-6.836.531,108.227.876,,,,,,,,,,,,
KABUPATEN MAJALENGKA,-6.836.531,108.227.876,,,,,,,,,,,,
KABUPATEN MAJALENGKA,-6.836.531,108.227.876,,,,,,,,,,,,
KABUPATEN MAJALENGKA,-6.836.531,108.227.876,,,,,,,,,,,,
KABUPATEN MAJALENGKA,-6.836.531,108.227.876,,,,,,,,,,,,
KABUPATEN MAJALENGKA,-6.836.531,108.227.876,,,,,,,,,,,,
KABUPATEN MAJALENGKA,-6.836.531,108.227.876,,,,,,,,,,,,
KABUPATEN MAJALENGKA,-6.836.531,108.227.876,,,,,,,,,,,,
KABUPATEN MAJALENGKA,-6.836.531,108.227.876,,,,,,,,,,,,
KABUPATEN SUMEDANG,-6.861.126,107.920.102,,,,,,,,,,,,
KABUPATEN SUMEDANG,-6.861.126,107.920.102,,,,,,,,,,,,
KABUPATEN SUMEDANG,-6.861.126,107.920.102,,,,,,,,,,,,
KABUPATEN SUMEDANG,-6.861.126,107.920.102,,,,,,,,,,,,
KABUPATEN SUMEDANG,-6.861.126,107.920.102,,,,,,,,,,,,
KABUPATEN SUMEDANG,-6.861.126,107.920.102,,,,,,,,,,,,
KABUPATEN SUMEDANG,-6.861.126,107.920.102,,,,,,,,,,,,
KABUPATEN SUMEDANG,-6.861.126,107.920.102,,,,,,,,,,,,
KABUPATEN SUMEDANG,-6.861.126,107.920.102,,,,,,,,,,,,
KABUPATEN SUMEDANG,-6.861.126,107.920.102,,,,,,,,,,,,
KABUPATEN SUMEDANG,-6.861.126,107.920.102,,,,,,,,,,,,
KABUPATEN SUMEDANG,-6.861.126,107.920.102,,,,,,,,,,,,
KABUPATEN INDRAMAYU,-6.327.234,108.322.903,,,,,,,,,,,,
KABUPATEN INDRAMAYU,-6.327.234,108.322.903,,,,,,,,,,,,
KABUPATEN INDRAMAYU,-6.327.234,108.322.903,,,,,,,,,,,,
KABUPATEN INDRAMAYU,-6.327.234,108.322.903,,,,,,,,,,,,
KABUPATEN INDRAMAYU,-6.327.234,108.322.903,,,,,,,,,,,,
KABUPATEN INDRAMAYU,-6.327.234,108.322.903,,,,,,,,,,,,
KABUPATEN INDRAMAYU,-6.327.234,108.322.903,,,,,,,,,,,,
KABUPATEN INDRAMAYU,-6.327.234,108.322.903,,,,,,,,,,,,
KABUPATEN INDRAMAYU,-6.327.234,108.322.903,,,,,,,,,,,,
KABUPATEN INDRAMAYU,-6.327.234,108.322.903,,,,,,,,,,,,
KABUPATEN INDRAMAYU,-6.327.234,108.322.903,,,,,,,,,,,,
KABUPATEN INDRAMAYU,-6.327.234,108.322.903,,,,,,,,,,,,
KABUPATEN SUBANG,-6.571.549,107.762.495,,,,,,,,,,,,
KABUPATEN SUBANG,-6.571.549,107.762.495,,,,,,,,,,,,
KABUPATEN SUBANG,-6.571.549,107.762.495,,,,,,,,,,,,
KABUPATEN SUBANG,-6.571.549,107.762.495,,,,,,,,,,,,
KABUPATEN SUBANG,-6.571.549,107.762.495,,,,,,,,,,,,
KABUPATEN SUBANG,-6.571.549,107.762.495,,,,,,,,,,,,
KABUPATEN SUBANG,-6.571.549,107.762.495,,,,,,,,,,,,
KABUPATEN SUBANG,-6.571.549,107.762.495,,,,,,,,,,,,
KABUPATEN SUBANG,-6.571.549,107.762.495,,,,,,,,,,,,
KABUPATEN SUBANG,-6.571.549,107.762.495,,,,,,,,,,,,
KABUPATEN SUBANG,-6.571.549,107.762.495,,,,,,,,,,,,
KABUPATEN SUBANG,-6.571.549,107.762.495,,,,,,,,,,,,
KABUPATEN PURWAKARTA,-6.551.701,107.446.541,,,,,,,,,,,,
KABUPATEN PURWAKARTA,-6.551.701,107.446.541,,,,,,,,,,,,
KABUPATEN PURWAKARTA,-6.551.701,107.446.541,,,,,,,,,,,,
KABUPATEN PURWAKARTA,-6.551.701,107.446.541,,,,,,,,,,,,
KABUPATEN PURWAKARTA,-6.551.701,107.446.541,,,,,,,,,,,,
KABUPATEN PURWAKARTA,-6.551.701,107.446.541,,,,,,,,,,,,
KABUPATEN PURWAKARTA,-6.551.701,107.446.541,,,,,,,,,,,,
KABUPATEN PURWAKARTA,-6.551.701,107.446.541,,,,,,,,,,,,
KABUPATEN PURWAKARTA,-6.551.701,107.446.541,,,,,,,,,,,,
KABUPATEN PURWAKARTA,-6.551.701,107.446.541,,,,,,,,,,,,
KABUPATEN PURWAKARTA,-6.551.701,107.446.541,,,,,,,,,,,,
KABUPATEN PURWAKARTA,-6.551.701,107.446.541,,,,,,,,,,,,
KABUPATEN KARAWANG,-6.301.721,10.730.529,,,,,,,,,,,,
KABUPATEN KARAWANG,-6.301.721,10.730.529,,,,,,,,,,,,
KABUPATEN KARAWANG,-6.301.721,10.730.529,,,,,,,,,,,,
KABUPATEN KARAWANG,-6.301.721,10.730.529,,,,,,,,,,,,
KABUPATEN KARAWANG,-6.301.721,10.730.529,,,,,,,,,,,,
KABUPATEN KARAWANG,-6.301.721,10.730.529,,,,,,,,,,,,
KABUPATEN KARAWANG,-6.301.721,10.730.529,,,,,,,,,,,,
KABUPATEN KARAWANG,-6.301.721,10.730.529,,,,,,,,,,,,
KABUPATEN KARAWANG,-6.301.721,10.730.529,,,,,,,,,,,,
KABUPATEN KARAWANG,-6.301.721,10.730.529,,,,,,,,,,,,
KABUPATEN KARAWANG,-6.301.721,10.730.529,,,,,,,,,,,,
KABUPATEN KARAWANG,-6.301.721,10.730.529,,,,,,,,,,,,
KABUPATEN BEKASI,-6.364.614,107.172.509,,,,,,,,,,,,
KABUPATEN BEKASI,-6.364.614,107.172.509,,,,,,,,,,,,
KABUPATEN BEKASI,-6.364.614,107.172.509,,,,,,,,,,,,
KABUPATEN BEKASI,-6.364.614,107.172.509,,,,,,,,,,,,
KABUPATEN BEKASI,-6.364.614,107.172.509,,,,,,,,,,,,
KABUPATEN BEKASI,-6.364.614,107.172.509,,,,,,,,,,,,
KABUPATEN BEKASI,-6.364.614,107.172.509,,,,,,,,,,,,
KABUPATEN BEKASI,-6.364.614,107.172.509,,,,,,,,,,,,
KABUPATEN BEKASI,-6.364.614,107.172.509,,,,,,,,,,,,
KABUPATEN BEKASI,-6.364.614,107.172.509,,,,,,,,,,,,
KABUPATEN BEKASI,-6.364.614,107.172.509,,,,,,,,,,,,
KABUPATEN BEKASI,-6.364.614,107.172.509,,,,,,,,,,,,
KABUPATEN BANDUNG BARAT,-6.840.651,107.512.302,,,,,,,,,,,,
KABUPATEN BANDUNG BARAT,-6.840.651,107.512.302,,,,,,,,,,,,
KABUPATEN BANDUNG BARAT,-6.840.651,107.512.302,,,,,,,,,,,,
KABUPATEN BANDUNG BARAT,-6.840.651,107.512.302,,,,,,,,,,,,
KABUPATEN BANDUNG BARAT,-6.840.651,107.512.302,,,,,,,,,,,,
KABUPATEN BANDUNG BARAT,-6.840.651,107.512.302,,,,,,,,,,,,
KABUPATEN BANDUNG BARAT,-6.840.651,107.512.302,,,,,,,,,,,,
KABUPATEN BANDUNG BARAT,-6.840.651,107.512.302,,,,,,,,,,,,
KABUPATEN BANDUNG BARAT,-6.840.651,107.512.302,,,,,,,,,,,,
KABUPATEN BANDUNG BARAT,-6.840.651,107.512.302,,,,,,,,,,,,
KABUPATEN BANDUNG BARAT,-6.840.651,107.512.302,,,,,,,,,,,,
KABUPATEN BANDUNG BARAT,-6.840.651,107.512.302,,,,,,,,,,,,
KABUPATEN PANGANDARAN,-7.701.397,108.495.155,,,,,,,,,,,,
KABUPATEN PANGANDARAN,-7.701.397,108.495.155,,,,,,,,,,,,
KABUPATEN PANGANDARAN,-7.701.397,108.495.155,,,,,,,,,,,,
KABUPATEN PANGANDARAN,-7.701.397,108.495.155,,,,,,,,,,,,
KABUPATEN PANGANDARAN,-7.701.397,108.495.155,,,,,,,,,,,,
KABUPATEN PANGANDARAN,-7.701.397,108.495.155,,,,,,,,,,,,
KABUPATEN PANGANDARAN,-7.701.397,108.495.155,,,,,,,,,,,,
KABUPATEN PANGANDARAN,-7.701.397,108.495.155,,,,,,,,,,,,
KABUPATEN PANGANDARAN,-7.701.397,108.495.155,,,,,,,,,,,,
KABUPATEN PANGANDARAN,-7.701.397,108.495.155,,,,,,,,,,,,
KABUPATEN PANGANDARAN,-7.701.397,108.495.155,,,,,,,,,,,,
KABUPATEN PANGANDARAN,-7.701.397,108.495.155,,,,,,,,,,,,
KOTA BOGOR,-6.594.946,106.794.913,,,,,,,,,,,,
KOTA BOGOR,-6.594.946,106.794.913,,,,,,,,,,,,
KOTA BOGOR,-6.594.946,106.794.913,,,,,,,,,,,,
KOTA BOGOR,-6.594.946,106.794.913,,,,,,,,,,,,
KOTA BOGOR,-6.594.946,106.794.913,,,,,,,,,,,,
KOTA BOGOR,-6.594.946,106.794.913,,,,,,,,,,,,
KOTA BOGOR,-6.594.946,106.794.913,,,,,,,,,,,,
KOTA BOGOR,-6.594.946,106.794.913,,,,,,,,,,,,
KOTA BOGOR,-6.594.946,106.794.913,,,,,,,,,,,,
KOTA BOGOR,-6.594.946,106.794.913,,,,,,,,,,,,
KOTA BOGOR,-6.594.946,106.794.913,,,,,,,,,,,,
KOTA BOGOR,-6.594.946,106.794.913,,,,,,,,,,,,
KOTA SUKABUMI,-6.918.366,106.931.496,,,,,,,,,,,,
KOTA SUKABUMI,-6.918.366,106.931.496,,,,,,,,,,,,
KOTA SUKABUMI,-6.918.366,106.931.496,,,,,,,,,,,,
KOTA SUKABUMI,-6.918.366,106.931.496,,,,,,,,,,,,
KOTA SUKABUMI,-6.918.366,106.931.496,,,,,,,,,,,,
KOTA SUKABUMI,-6.918.366,106.931.496,,,,,,,,,,,,
KOTA SUKABUMI,-6.918.366,106.931.496,,,,,,,,,,,,
KOTA SUKABUMI,-6.918.366,106.931.496,,,,,,,,,,,,
KOTA SUKABUMI,-6.918.366,106.931.496,,,,,,,,,,,,
KOTA SUKABUMI,-6.918.366,106.931.496,,,,,,,,,,,,
KOTA SUKABUMI,-6.918.366,106.931.496,,,,,,,,,,,,
KOTA SUKABUMI,-6.918.366,106.931.496,,,,,,,,,,,,
KOTA BANDUNG,-6.910.786,107.609.757,,,,,,,,,,,,
KOTA BANDUNG,-6.910.786,107.609.757,,,,,,,,,,,,
KOTA BANDUNG,-6.910.786,107.609.757,,,,,,,,,,,,
KOTA BANDUNG,-6.910.786,107.609.757,,,,,,,,,,,,
KOTA BANDUNG,-6.910.786,107.609.757,,,,,,,,,,,,
KOTA BANDUNG,-6.910.786,107.609.757,,,,,,,,,,,,
KOTA BANDUNG,-6.910.786,107.609.757,,,,,,,,,,,,
KOTA BANDUNG,-6.910.786,107.609.757,,,,,,,,,,,,
KOTA BANDUNG,-6.910.786,107.609.757,,,,,,,,,,,,
KOTA BANDUNG,-6.910.786,107.609.757,,,,,,,,,,,,
KOTA BANDUNG,-6.910.786,107.609.757,,,,,,,,,,,,
KOTA BANDUNG,-6.910.786,107.609.757,,,,,,,,,,,,
KOTA CIREBON,-6.707.076,108.557.818,,,,,,,,,,,,
KOTA CIREBON,-6.707.076,108.557.818,,,,,,,,,,,,
KOTA CIREBON,-6.707.076,108.557.818,,,,,,,,,,,,
KOTA CIREBON,-6.707.076,108.557.818,,,,,,,,,,,,
KOTA CIREBON,-6.707.076,108.557.818,,,,,,,,,,,,
KOTA CIREBON,-6.707.076,108.557.818,,,,,,,,,,,,
KOTA CIREBON,-6.707.076,108.557.818,,,,,,,,,,,,
KOTA CIREBON,-6.707.076,108.557.818,,,,,,,,,,,,
KOTA CIREBON,-6.707.076,108.557.818,,,,,,,,,,,,
KOTA CIREBON,-6.707.076,108.557.818,,,,,,,,,,,,
KOTA CIREBON,-6.707.076,108.557.818,,,,,,,,,,,,
KOTA CIREBON,-6.707.076,108.557.818,,,,,,,,,,,,
KOTA BEKASI,-6.236.221,106.994.293,,,,,,,,,,,,
KOTA BEKASI,-6.236.221,106.994.293,,,,,,,,,,,,
KOTA BEKASI,-6.236.221,106.994.293,,,,,,,,,,,,
KOTA BEKASI,-6.236.221,106.994.293,,,,,,,,,,,,
KOTA BEKASI,-6.236.221,106.994.293,,,,,,,,,,,,
KOTA BEKASI,-6.236.221,106.994.293,,,,,,,,,,,,
KOTA BEKASI,-6.236.221,106.994.293,,,,,,,,,,,,
KOTA BEKASI,-6.236.221,106.994.293,,,,,,,,,,,,
KOTA BEKASI,-6.236.221,106.994.293,,,,,,,,,,,,
KOTA BEKASI,-6.236.221,106.994.293,,,,,,,,,,,,
KOTA BEKASI,-6.236.221,106.994.293,,,,,,,,,,,,
KOTA BEKASI,-6.236.221,106.994.293,,,,,,,,,,,,
KOTA DEPOK,-6.394.473,106.822.692,,,,,,,,,,,,
KOTA DEPOK,-6.394.473,106.822.692,,,,,,,,,,,,
KOTA DEPOK,-6.394.473,106.822.692,,,,,,,,,,,,
KOTA DEPOK,-6.394.473,106.822.692,,,,,,,,,,,,
KOTA DEPOK,-6.394.473,106.822.692,,,,,,,,,,,,
KOTA DEPOK,-6.394.473,106.822.692,,,,,,,,,,,,
KOTA DEPOK,-6.394.473,106.822.692,,,,,,,,,,,,
KOTA DEPOK,-6.394.473,106.822.692,,,,,,,,,,,,
KOTA DEPOK,-6.394.473,106.822.692,,,,,,,,,,,,
KOTA DEPOK,-6.394.473,106.822.692,,,,,,,,,,,,
KOTA DEPOK,-6.394.473,106.822.692,,,,,,,,,,,,
KOTA DEPOK,-6.394.473,106.822.692,,,,,,,,,,,,
KOTA CIMAHI,-687.121,107.555.486,,,,,,,,,,,,
KOTA CIMAHI,-687.121,107.555.486,,,,,,,,,,,,
KOTA CIMAHI,-687.121,107.555.486,,,,,,,,,,,,
KOTA CIMAHI,-687.121,107.555.486,,,,,,,,,,,,
KOTA CIMAHI,-687.121,107.555.486,,,,,,,,,,,,
KOTA CIMAHI,-687.121,107.555.486,,,,,,,,,,,,
KOTA CIMAHI,-687.121,107.555.486,,,,,,,,,,,,
KOTA CIMAHI,-687.121,107.555.486,,,,,,,,,,,,
KOTA CIMAHI,-687.121,107.555.486,,,,,,,,,,,,
KOTA CIMAHI,-687.121,107.555.486,,,,,,,,,,,,
KOTA CIMAHI,-687.121,107.555.486,,,,,,,,,,,,
KOTA CIMAHI,-687.121,107.555.486,,,,,,,,,,,,
KOTA TASIKMALAYA,-7.316.436,1.081.971,,,,,,,,,,,,
KOTA TASIKMALAYA,-7.316.436,1.081.971,,,,,,,,,,,,
KOTA TASIKMALAYA,-7.316.436,1.081.971,,,,,,,,,,,,
KOTA TASIKMALAYA,-7.316.436,1.081.971,,,,,,,,,,,,
KOTA TASIKMALAYA,-7.316.436,1.081.971,,,,,,,,,,,,
KOTA TASIKMALAYA,-7.316.436,1.081.971,,,,,,,,,,,,
KOTA TASIKMALAYA,-7.316.436,1.081.971,,,,,,,,,,,,
KOTA TASIKMALAYA,-7.316.436,1.081.971,,,,,,,,,,,,
KOTA TASIKMALAYA,-7.316.436,1.081.971,,,,,,,,,,,,
KOTA TASIKMALAYA,-7.316.436,1.081.971,,,,,,,,,,,,
KOTA TASIKMALAYA,-7.316.436,1.081.971,,,,,,,,,,,,
KOTA TASIKMALAYA,-7.316.436,1.081.971,,,,,,,,,,,,
KOTA BANJAR,-7.362.487,10.855.887,,,,,,,,,,,,
KOTA BANJAR,-7.362.487,10.855.887,,,,,,,,,,,,
KOTA BANJAR,-7.362.487,10.855.887,,,,,,,,,,,,
KOTA BANJAR,-7.362.487,10.855.887,,,,,,,,,,,,
KOTA BANJAR,-7.362.487,10.855.887,,,,,,,,,,,,
KOTA BANJAR,-7.362.487,10.855.887,,,,,,,,,,,,
KOTA BANJAR,-7.362.487,10.855.887,,,,,,,,,,,,
KOTA BANJAR,-7.362.487,10.855.887,,,,,,,,,,,,
KOTA BANJAR,-7.362.487,10.855.887,,,,,,,,,,,,
KOTA BANJAR,-7.362.487,10.855.887,,,,,,,,,,,,
KOTA BANJAR,-7.362.487,10.855.887,,,,,,,,,,,,
KOTA BANJAR,-7.362.487,10.855.887,,,,,,,,,,,,
KABUPATEN BOGOR,-65.517.758,1.066.291.304
KABUPATEN BOGOR,-65.517.758,1.066.291.304,,,,,,,,,,,,
KABUPATEN BOGOR,-65.517.758,1.066.291.304,,,,,,,,,,,,
KABUPATEN BOGOR,-65.517.758,1.066.291.304,,,,,,,,,,,,
KABUPATEN BOGOR,-65.517.758,1.066.291.304,,,,,,,,,,,,
KABUPATEN BOGOR,-65.517.758,1.066.291.304,,,,,,,,,,,,
KABUPATEN BOGOR,-65.517.758,1.066.291.304,,,,,,,,,,,,
KABUPATEN BOGOR,-65.517.758,1.066.291.304,,,,,,,,,,,,
KABUPATEN BOGOR,-65.517.758,1.066.291.304,,,,,,,,,,,,
KABUPATEN BOGOR,-65.517.758,1.066.291.304,,,,,,,,,,,,
KABUPATEN BOGOR,-65.517.758,1.066.291.304,,,,,,,,,,,,
KABUPATEN BOGOR,-65.517.758,1.066.291.304,,,,,,,,,,,,
KABUPATEN SUKABUMI,-68.791.499,1.069.474.101
KABUPATEN SUKABUMI,-68.791.499,1.069.474.101,,,,,,,,,,,,
KABUPATEN SUKABUMI,-68.791.499,1.069.474.101,,,,,,,,,,,,
KABUPATEN SUKABUMI,-68.791.499,1.069.474.101,,,,,,,,,,,,
KABUPATEN SUKABUMI,-68.791.499,1.069.474.101,,,,,,,,,,,,
KABUPATEN SUKABUMI,-68.791.499,1.069.474.101,,,,,,,,,,,,
KABUPATEN SUKABUMI,-68.791.499,1.069.474.101,,,,,,,,,,,,
KABUPATEN SUKABUMI,-68.791.499,1.069.474.101,,,,,,,,,,,,
KABUPATEN SUKABUMI,-68.791.499,1.069.474.101,,,,,,,,,,,,
KABUPATEN SUKABUMI,-68.791.499,1.069.474.101,,,,,,,,,,,,
KABUPATEN SUKABUMI,-68.791.499,1.069.474.101,,,,,,,,,,,,
KABUPATEN SUKABUMI,-68.791.499,1.069.474.101,,,,,,,,,,,,
KABUPATEN CIANJUR,-73.579.773,1.071.957.203
KABUPATEN CIANJUR,-73.579.773,1.071.957.203,,,,,,,,,,,,
KABUPATEN CIANJUR,-73.579.773,1.071.957.203,,,,,,,,,,,,
KABUPATEN CIANJUR,-73.579.773,1.071.957.203,,,,,,,,,,,,
KABUPATEN CIANJUR,-73.579.773,1.071.957.203,,,,,,,,,,,,
KABUPATEN CIANJUR,-73.579.773,1.071.957.203,,,,,,,,,,,,
KABUPATEN CIANJUR,-73.579.773,1.071.957.203,,,,,,,,,,,,
KABUPATEN CIANJUR,-73.579.773,1.071.957.203,,,,,,,,,,,,
KABUPATEN CIANJUR,-73.579.773,1.071.957.203,,,,,,,,,,,,
KABUPATEN CIANJUR,-73.579.773,1.071.957.203,,,,,,,,,,,,
KABUPATEN CIANJUR,-73.579.773,1.071.957.203,,,,,,,,,,,,
KABUPATEN CIANJUR,-73.579.773,1.071.957.203,,,,,,,,,,,,
KABUPATEN BANDUNG,-71.340.702,1.076.215.321
KABUPATEN BANDUNG,-71.340.702,1.076.215.321,,,,,,,,,,,,
KABUPATEN BANDUNG,-71.340.702,1.076.215.321,,,,,,,,,,,,
KABUPATEN BANDUNG,-71.340.702,1.076.215.321,,,,,,,,,,,,
KABUPATEN BANDUNG,-71.340.702,1.076.215.321,,,,,,,,,,,,
KABUPATEN BANDUNG,-71.340.702,1.076.215.321,,,,,,,,,,,,
KABUPATEN BANDUNG,-71.340.702,1.076.215.321,,,,,,,,,,,,
KABUPATEN BANDUNG,-71.340.702,1.076.215.321,,,,,,,,,,,,
KABUPATEN BANDUNG,-71.340.702,1.076.215.321,,,,,,,,,,,,
KABUPATEN BANDUNG,-71.340.702,1.076.215.321,,,,,,,,,,,,
KABUPATEN BANDUNG,-71.340.702,1.076.215.321,,,,,,,,,,,,
KABUPATEN BANDUNG,-71.340.702,1.076.215.321,,,,,,,,,,,,
KABUPATEN GARUT,-7.501.220.399.999.990,107.763.621
KABUPATEN GARUT,-7.501.220.399.999.990,107.763.621,,,,,,,,,,,,
KABUPATEN GARUT,-7.501.220.399.999.990,107.763.621,,,,,,,,,,,,
KABUPATEN GARUT,-7.501.220.399.999.990,107.763.621,,,,,,,,,,,,
KABUPATEN GARUT,-7.501.220.399.999.990,107.763.621,,,,,,,,,,,,
KABUPATEN GARUT,-7.501.220.399.999.990,107.763.621,,,,,,,,,,,,
KABUPATEN GARUT,-7.501.220.399.999.990,107.763.621,,,,,,,,,,,,
KABUPATEN GARUT,-7.501.220.399.999.990,107.763.621,,,,,,,,,,,,
KABUPATEN GARUT,-7.501.220.399.999.990,107.763.621,,,,,,,,,,,,
KABUPATEN GARUT,-7.501.220.399.999.990,107.763.621,,,,,,,,,,,,
KABUPATEN GARUT,-7.501.220.399.999.990,107.763.621,,,,,,,,,,,,
KABUPATEN GARUT,-7.501.220.399.999.990,107.763.621,,,,,,,,,,,,
KABUPATEN TASIKMALAYA,-76.513.306,1.081.428.669
KABUPATEN TASIKMALAYA,-76.513.306,1.081.428.669,,,,,,,,,,,,
KABUPATEN TASIKMALAYA,-76.513.306,1.081.428.669,,,,,,,,,,,,
KABUPATEN TASIKMALAYA,-76.513.306,1.081.428.669,,,,,,,,,,,,
KABUPATEN TASIKMALAYA,-76.513.306,1.081.428.669,,,,,,,,,,,,
KABUPATEN TASIKMALAYA,-76.513.306,1.081.428.669,,,,,,,,,,,,
KABUPATEN TASIKMALAYA,-76.513.306,1.081.428.669,,,,,,,,,,,,
KABUPATEN TASIKMALAYA,-76.513.306,1.081.428.669,,,,,,,,,,,,
KABUPATEN TASIKMALAYA,-76.513.306,1.081.428.669,,,,,,,,,,,,
KABUPATEN TASIKMALAYA,-76.513.306,1.081.428.669,,,,,,,,,,,,
KABUPATEN TASIKMALAYA,-76.513.306,1.081.428.669,,,,,,,,,,,,
KABUPATEN TASIKMALAYA,-76.513.306,1.081.428.669,,,,,,,,,,,,
KABUPATEN CIAMIS,-7.332.077.300.000.000,1.083.492.543
KABUPATEN CIAMIS,-7.332.077.300.000.000,1.083.492.543,,,,,,,,,,,,
KABUPATEN CIAMIS,-7.332.077.300.000.000,1.083.492.543,,,,,,,,,,,,
KABUPATEN CIAMIS,-7.332.077.300.000.000,1.083.492.543,,,,,,,,,,,,
KABUPATEN CIAMIS,-7.332.077.300.000.000,1.083.492.543,,,,,,,,,,,,
KABUPATEN CIAMIS,-7.332.077.300.000.000,1.083.492.543,,,,,,,,,,,,
KABUPATEN CIAMIS,-7.332.077.300.000.000,1.083.492.543,,,,,,,,,,,,
KABUPATEN CIAMIS,-7.332.077.300.000.000,1.083.492.543,,,,,,,,,,,,
KABUPATEN CIAMIS,-7.332.077.300.000.000,1.083.492.543,,,,,,,,,,,,
KABUPATEN CIAMIS,-7.332.077.300.000.000,1.083.492.543,,,,,,,,,,,,
KABUPATEN CIAMIS,-7.332.077.300.000.000,1.083.492.543,,,,,,,,,,,,
KABUPATEN CIAMIS,-7.332.077.300.000.000,1.083.492.543,,,,,,,,,,,,
KABUPATEN KUNINGAN,-70.138.053,1.085.700.636
KABUPATEN KUNINGAN,-70.138.053,1.085.700.636,,,,,,,,,,,,
KABUPATEN KUNINGAN,-70.138.053,1.085.700.636,,,,,,,,,,,,
KABUPATEN KUNINGAN,-70.138.053,1.085.700.636,,,,,,,,,,,,
KABUPATEN KUNINGAN,-70.138.053,1.085.700.636,,,,,,,,,,,,
KABUPATEN KUNINGAN,-70.138.053,1.085.700.636,,,,,,,,,,,,
KABUPATEN KUNINGAN,-70.138.053,1.085.700.636,,,,,,,,,,,,
KABUPATEN KUNINGAN,-70.138.053,1.085.700.636,,,,,,,,,,,,
KABUPATEN KUNINGAN,-70.138.053,1.085.700.636,,,,,,,,,,,,
KABUPATEN KUNINGAN,-70.138.053,1.085.700.636,,,,,,,,,,,,
KABUPATEN KUNINGAN,-70.138.053,1.085.700.636,,,,,,,,,,,,
KABUPATEN KUNINGAN,-70.138.053,1.085.700.636,,,,,,,,,,,,
KABUPATEN CIREBON,-66.898.876,1.084.750.846
KABUPATEN CIREBON,-66.898.876,1.084.750.846,,,,,,,,,,,,
KABUPATEN CIREBON,-66.898.876,1.084.750.846,,,,,,,,,,,,
KABUPATEN CIREBON,-66.898.876,1.084.750.846,,,,,,,,,,,,
KABUPATEN CIREBON,-66.898.876,1.084.750.846,,,,,,,,,,,,
KABUPATEN CIREBON,-66.898.876,1.084.750.846,,,,,,,,,,,,
KABUPATEN CIREBON,-66.898.876,1.084.750.846,,,,,,,,,,,,
KABUPATEN CIREBON,-66.898.876,1.084.750.846,,,,,,,,,,,,
KABUPATEN CIREBON,-66.898.876,1.084.750.846,,,,,,,,,,,,
KABUPATEN CIREBON,-66.898.876,1.084.750.846,,,,,,,,,,,,
KABUPATEN CIREBON,-66.898.876,1.084.750.846,,,,,,,,,,,,
KABUPATEN CIREBON,-66.898.876,1.084.750.846,,,,,,,,,,,,
KABUPATEN MAJALENGKA,-67.790.605,1.082.852.049
KABUPATEN MAJALENGKA,-67.790.605,1.082.852.049,,,,,,,,,,,,
KABUPATEN MAJALENGKA,-67.790.605,1.082.852.049,,,,,,,,,,,,
KABUPATEN MAJALENGKA,-67.790.605,1.082.852.049,,,,,,,,,,,,
KABUPATEN MAJALENGKA,-67.790.605,1.082.852.049,,,,,,,,,,,,
KABUPATEN MAJALENGKA,-67.790.605,1.082.852.049,,,,,,,,,,,,
KABUPATEN MAJALENGKA,-67.790.605,1.082.852.049,,,,,,,,,,,,
KABUPATEN MAJALENGKA,-67.790.605,1.082.852.049,,,,,,,,,,,,
KABUPATEN MAJALENGKA,-67.790.605,1.082.852.049,,,,,,,,,,,,
KABUPATEN MAJALENGKA,-67.790.605,1.082.852.049,,,,,,,,,,,,
KABUPATEN MAJALENGKA,-67.790.605,1.082.852.049,,,,,,,,,,,,
KABUPATEN MAJALENGKA,-67.790.605,1.082.852.049,,,,,,,,,,,,
KABUPATEN SUMEDANG,-6.832.858,1.079.531.836
KABUPATEN SUMEDANG,-6.832.858,1.079.531.836,,,,,,,,,,,,
KABUPATEN SUMEDANG,-6.832.858,1.079.531.836,,,,,,,,,,,,
KABUPATEN SUMEDANG,-6.832.858,1.079.531.836,,,,,,,,,,,,
KABUPATEN SUMEDANG,-6.832.858,1.079.531.836,,,,,,,,,,,,
KABUPATEN SUMEDANG,-6.832.858,1.079.531.836,,,,,,,,,,,,
KABUPATEN SUMEDANG,-6.832.858,1.079.531.836,,,,,,,,,,,,
KABUPATEN SUMEDANG,-6.832.858,1.079.531.836,,,,,,,,,,,,
KABUPATEN SUMEDANG,-6.832.858,1.079.531.836,,,,,,,,,,,,
KABUPATEN SUMEDANG,-6.832.858,1.079.531.836,,,,,,,,,,,,
KABUPATEN SUMEDANG,-6.832.858,1.079.531.836,,,,,,,,,,,,
KABUPATEN SUMEDANG,-6.832.858,1.079.531.836,,,,,,,,,,,,
KABUPATEN INDRAMAYU,-633.731,1.083.258.329
KABUPATEN INDRAMAYU,-633.731,1.083.258.329,,,,,,,,,,,,
KABUPATEN INDRAMAYU,-633.731,1.083.258.329,,,,,,,,,,,,
KABUPATEN INDRAMAYU,-633.731,1.083.258.329,,,,,,,,,,,,
KABUPATEN INDRAMAYU,-633.731,1.083.258.329,,,,,,,,,,,,
KABUPATEN INDRAMAYU,-633.731,1.083.258.329,,,,,,,,,,,,
KABUPATEN INDRAMAYU,-633.731,1.083.258.329,,,,,,,,,,,,
KABUPATEN INDRAMAYU,-633.731,1.083.258.329,,,,,,,,,,,,
KABUPATEN INDRAMAYU,-633.731,1.083.258.329,,,,,,,,,,,,
KABUPATEN INDRAMAYU,-633.731,1.083.258.329,,,,,,,,,,,,
KABUPATEN INDRAMAYU,-633.731,1.083.258.329,,,,,,,,,,,,
KABUPATEN INDRAMAYU,-633.731,1.083.258.329,,,,,,,,,,,,
KABUPATEN SUBANG,-63.487.617,107.763.621
KABUPATEN SUBANG,-63.487.617,107.763.621,,,,,,,,,,,,
KABUPATEN SUBANG,-63.487.617,107.763.621,,,,,,,,,,,,
KABUPATEN SUBANG,-63.487.617,107.763.621,,,,,,,,,,,,
KABUPATEN SUBANG,-63.487.617,107.763.621,,,,,,,,,,,,
KABUPATEN SUBANG,-63.487.617,107.763.621,,,,,,,,,,,,
KABUPATEN SUBANG,-63.487.617,107.763.621,,,,,,,,,,,,
KABUPATEN SUBANG,-63.487.617,107.763.621,,,,,,,,,,,,
KABUPATEN SUBANG,-63.487.617,107.763.621,,,,,,,,,,,,
KABUPATEN SUBANG,-63.487.617,107.763.621,,,,,,,,,,,,
KABUPATEN SUBANG,-63.487.617,107.763.621,,,,,,,,,,,,
KABUPATEN SUBANG,-63.487.617,107.763.621,,,,,,,,,,,,
KABUPATEN PURWAKARTA,-65.649.241,1.074.321.959
KABUPATEN PURWAKARTA,-65.649.241,1.074.321.959,,,,,,,,,,,,
KABUPATEN PURWAKARTA,-65.649.241,1.074.321.959,,,,,,,,,,,,
KABUPATEN PURWAKARTA,-65.649.241,1.074.321.959,,,,,,,,,,,,
KABUPATEN PURWAKARTA,-65.649.241,1.074.321.959,,,,,,,,,,,,
KABUPATEN PURWAKARTA,-65.649.241,1.074.321.959,,,,,,,,,,,,
KABUPATEN PURWAKARTA,-65.649.241,1.074.321.959,,,,,,,,,,,,
KABUPATEN PURWAKARTA,-65.649.241,1.074.321.959,,,,,,,,,,,,
KABUPATEN PURWAKARTA,-65.649.241,1.074.321.959,,,,,,,,,,,,
KABUPATEN PURWAKARTA,-65.649.241,1.074.321.959,,,,,,,,,,,,
KABUPATEN PURWAKARTA,-65.649.241,1.074.321.959,,,,,,,,,,,,
KABUPATEN PURWAKARTA,-65.649.241,1.074.321.959,,,,,,,,,,,,
KABUPATEN KARAWANG,-63.227.303,1.073.375.791
KABUPATEN KARAWANG,-63.227.303,1.073.375.791,,,,,,,,,,,,
KABUPATEN KARAWANG,-63.227.303,1.073.375.791,,,,,,,,,,,,
KABUPATEN KARAWANG,-63.227.303,1.073.375.791,,,,,,,,,,,,
KABUPATEN KARAWANG,-63.227.303,1.073.375.791,,,,,,,,,,,,
KABUPATEN KARAWANG,-63.227.303,1.073.375.791,,,,,,,,,,,,
KABUPATEN KARAWANG,-63.227.303,1.073.375.791,,,,,,,,,,,,
KABUPATEN KARAWANG,-63.227.303,1.073.375.791,,,,,,,,,,,,
KABUPATEN KARAWANG,-63.227.303,1.073.375.791,,,,,,,,,,,,
KABUPATEN KARAWANG,-63.227.303,1.073.375.791,,,,,,,,,,,,
KABUPATEN KARAWANG,-63.227.303,1.073.375.791,,,,,,,,,,,,
KABUPATEN KARAWANG,-63.227.303,1.073.375.791,,,,,,,,,,,,
KABUPATEN BEKASI,-63.667.975,1.071.735.694
KABUPATEN BEKASI,-63.667.975,1.071.735.694,,,,,,,,,,,,
KABUPATEN BEKASI,-63.667.975,1.071.735.694,,,,,,,,,,,,
KABUPATEN BEKASI,-63.667.975,1.071.735.694,,,,,,,,,,,,
KABUPATEN BEKASI,-63.667.975,1.071.735.694,,,,,,,,,,,,
KABUPATEN BEKASI,-63.667.975,1.071.735.694,,,,,,,,,,,,
KABUPATEN BEKASI,-63.667.975,1.071.735.694,,,,,,,,,,,,
KABUPATEN BEKASI,-63.667.975,1.071.735.694,,,,,,,,,,,,
KABUPATEN BEKASI,-63.667.975,1.071.735.694,,,,,,,,,,,,
KABUPATEN BEKASI,-63.667.975,1.071.735.694,,,,,,,,,,,,
KABUPATEN BEKASI,-63.667.975,1.071.735.694,,,,,,,,,,,,
KABUPATEN BEKASI,-63.667.975,1.071.735.694,,,,,,,,,,,,
KABUPATEN BANDUNG BARAT,-6.865.221.399.999.990,1.074.919.767
KABUPATEN BANDUNG BARAT,-6.865.221.399.999.990,1.074.919.767,,,,,,,,,,,,
KABUPATEN BANDUNG BARAT,-6.865.221.399.999.990,1.074.919.767,,,,,,,,,,,,
KABUPATEN BANDUNG BARAT,-6.865.221.399.999.990,1.074.919.767,,,,,,,,,,,,
KABUPATEN BANDUNG BARAT,-6.865.221.399.999.990,1.074.919.767,,,,,,,,,,,,
KABUPATEN BANDUNG BARAT,-6.865.221.399.999.990,1.074.919.767,,,,,,,,,,,,
KABUPATEN BANDUNG BARAT,-6.865.221.399.999.990,1.074.919.767,,,,,,,,,,,,
KABUPATEN BANDUNG BARAT,-6.865.221.399.999.990,1.074.919.767,,,,,,,,,,,,
KABUPATEN BANDUNG BARAT,-6.865.221.399.999.990,1.074.919.767,,,,,,,,,,,,
KABUPATEN BANDUNG BARAT,-6.865.221.399.999.990,1.074.919.767,,,,,,,,,,,,
KABUPATEN BANDUNG BARAT,-6.865.221.399.999.990,1.074.919.767,,,,,,,,,,,,
KABUPATEN BANDUNG BARAT,-6.865.221.399.999.990,1.074.919.767,,,,,,,,,,,,
KABUPATEN PANGANDARAN,-7.615.061.099.999.990,1.084.988.269
KABUPATEN PANGANDARAN,-7.615.061.099.999.990,1.084.988.269,,,,,,,,,,,,
KABUPATEN PANGANDARAN,-7.615.061.099.999.990,1.084.988.269,,,,,,,,,,,,
KABUPATEN PANGANDARAN,-7.615.061.099.999.990,1.084.988.269,,,,,,,,,,,,
KABUPATEN PANGANDARAN,-7.615.061.099.999.990,1.084.988.269,,,,,,,,,,,,
KABUPATEN PANGANDARAN,-7.615.061.099.999.990,1.084.988.269,,,,,,,,,,,,
KABUPATEN PANGANDARAN,-7.615.061.099.999.990,1.084.988.269,,,,,,,,,,,,
KABUPATEN PANGANDARAN,-7.615.061.099.999.990,1.084.988.269,,,,,,,,,,,,
KABUPATEN PANGANDARAN,-7.615.061.099.999.990,1.084.988.269,,,,,,,,,,,,
KABUPATEN PANGANDARAN,-7.615.061.099.999.990,1.084.988.269,,,,,,,,,,,,
KABUPATEN PANGANDARAN,-7.615.061.099.999.990,1.084.988.269,,,,,,,,,,,,
KABUPATEN PANGANDARAN,-7.615.061.099.999.990,1.084.988.269,,,,,,,,,,,,
KOTA BOGOR,-6.597.146.899.999.990,1.068.060.388
KOTA BOGOR,-6.597.146.899.999.990,1.068.060.388,,,,,,,,,,,,
KOTA BOGOR,-6.597.146.899.999.990,1.068.060.388,,,,,,,,,,,,
KOTA BOGOR,-6.597.146.899.999.990,1.068.060.388,,,,,,,,,,,,
KOTA BOGOR,-6.597.146.899.999.990,1.068.060.388,,,,,,,,,,,,
KOTA BOGOR,-6.597.146.899.999.990,1.068.060.388,,,,,,,,,,,,
KOTA BOGOR,-6.597.146.899.999.990,1.068.060.388,,,,,,,,,,,,
KOTA BOGOR,-6.597.146.899.999.990,1.068.060.388,,,,,,,,,,,,
KOTA BOGOR,-6.597.146.899.999.990,1.068.060.388,,,,,,,,,,,,
KOTA BOGOR,-6.597.146.899.999.990,1.068.060.388,,,,,,,,,,,,
KOTA BOGOR,-6.597.146.899.999.990,1.068.060.388,,,,,,,,,,,,
KOTA BOGOR,-6.597.146.899.999.990,1.068.060.388,,,,,,,,,,,,
KOTA SUKABUMI,-69.277.361,1.069.299.579
KOTA SUKABUMI,-69.277.361,1.069.299.579,,,,,,,,,,,,
KOTA SUKABUMI,-69.277.361,1.069.299.579,,,,,,,,,,,,
KOTA SUKABUMI,-69.277.361,1.069.299.579,,,,,,,,,,,,
KOTA SUKABUMI,-69.277.361,1.069.299.579,,,,,,,,,,,,
KOTA SUKABUMI,-69.277.361,1.069.299.579,,,,,,,,,,,,
KOTA SUKABUMI,-69.277.361,1.069.299.579,,,,,,,,,,,,
KOTA SUKABUMI,-69.277.361,1.069.299.579,,,,,,,,,,,,
KOTA SUKABUMI,-69.277.361,1.069.299.579,,,,,,,,,,,,
KOTA SUKABUMI,-69.277.361,1.069.299.579,,,,,,,,,,,,
KOTA SUKABUMI,-69.277.361,1.069.299.579,,,,,,,,,,,,
KOTA SUKABUMI,-69.277.361,1.069.299.579,,,,,,,,,,,,
KOTA BANDUNG,-69.174.639,1.076.191.228
KOTA BANDUNG,-69.174.639,1.076.191.228,,,,,,,,,,,,
KOTA BANDUNG,-69.174.639,1.076.191.228,,,,,,,,,,,,
KOTA BANDUNG,-69.174.639,1.076.191.228,,,,,,,,,,,,
KOTA BANDUNG,-69.174.639,1.076.191.228,,,,,,,,,,,,
KOTA BANDUNG,-69.174.639,1.076.191.228,,,,,,,,,,,,
KOTA BANDUNG,-69.174.639,1.076.191.228,,,,,,,,,,,,
KOTA BANDUNG,-69.174.639,1.076.191.228,,,,,,,,,,,,
KOTA BANDUNG,-69.174.639,1.076.191.228,,,,,,,,,,,,
KOTA BANDUNG,-69.174.639,1.076.191.228,,,,,,,,,,,,
KOTA BANDUNG,-69.174.639,1.076.191.228,,,,,,,,,,,,
KOTA BANDUNG,-69.174.639,1.076.191.228,,,,,,,,,,,,
KOTA CIREBON,-6.715.534,108.564.003,,,,,,,,,,,,
KOTA CIREBON,-6.715.534,108.564.003,,,,,,,,,,,,
KOTA CIREBON,-6.715.534,108.564.003,,,,,,,,,,,,
KOTA CIREBON,-6.715.534,108.564.003,,,,,,,,,,,,
KOTA CIREBON,-6.715.534,108.564.003,,,,,,,,,,,,
KOTA CIREBON,-6.715.534,108.564.003,,,,,,,,,,,,
KOTA CIREBON,-6.715.534,108.564.003,,,,,,,,,,,,
KOTA CIREBON,-6.715.534,108.564.003,,,,,,,,,,,,
KOTA CIREBON,-6.715.534,108.564.003,,,,,,,,,,,,
KOTA CIREBON,-6.715.534,108.564.003,,,,,,,,,,,,
KOTA CIREBON,-6.715.534,108.564.003,,,,,,,,,,,,
KOTA CIREBON,-6.715.534,108.564.003,,,,,,,,,,,,
KOTA BEKASI,-6.273.375.799.999.990,1.069.830.865
KOTA BEKASI,-6.273.375.799.999.990,1.069.830.865,,,,,,,,,,,,
KOTA BEKASI,-6.273.375.799.999.990,1.069.830.865,,,,,,,,,,,,
KOTA BEKASI,-6.273.375.799.999.990,1.069.830.865,,,,,,,,,,,,
KOTA BEKASI,-6.273.375.799.999.990,1.069.830.865,,,,,,,,,,,,
KOTA BEKASI,-6.273.375.799.999.990,1.069.830.865,,,,,,,,,,,,
KOTA BEKASI,-6.273.375.799.999.990,1.069.830.865,,,,,,,,,,,,
KOTA BEKASI,-6.273.375.799.999.990,1.069.830.865,,,,,,,,,,,,
KOTA BEKASI,-6.273.375.799.999.990,1.069.830.865,,,,,,,,,,,,
KOTA BEKASI,-6.273.375.799.999.990,1.069.830.865,,,,,,,,,,,,
KOTA BEKASI,-6.273.375.799.999.990,1.069.830.865,,,,,,,,,,,,
KOTA BEKASI,-6.273.375.799.999.990,1.069.830.865,,,,,,,,,,,,
KOTA DEPOK,-64.024.844,1.067.942.405
KOTA DEPOK,-64.024.844,1.067.942.405,,,,,,,,,,,,
KOTA DEPOK,-64.024.844,1.067.942.405,,,,,,,,,,,,
KOTA DEPOK,-64.024.844,1.067.942.405,,,,,,,,,,,,
KOTA DEPOK,-64.024.844,1.067.942.405,,,,,,,,,,,,
KOTA DEPOK,-64.024.844,1.067.942.405,,,,,,,,,,,,
KOTA DEPOK,-64.024.844,1.067.942.405,,,,,,,,,,,,
KOTA DEPOK,-64.024.844,1.067.942.405,,,,,,,,,,,,
KOTA DEPOK,-64.024.844,1.067.942.405,,,,,,,,,,,,
KOTA DEPOK,-64.024.844,1.067.942.405,,,,,,,,,,,,
KOTA DEPOK,-64.024.844,1.067.942.405,,,,,,,,,,,,
KOTA DEPOK,-64.024.844,1.067.942.405,,,,,,,,,,,,
KOTA CIMAHI,-68.840.816,1.075.413.039
KOTA CIMAHI,-68.840.816,1.075.413.039,,,,,,,,,,,,
KOTA CIMAHI,-68.840.816,1.075.413.039,,,,,,,,,,,,
KOTA CIMAHI,-68.840.816,1.075.413.039,,,,,,,,,,,,
KOTA CIMAHI,-68.840.816,1.075.413.039,,,,,,,,,,,,
KOTA CIMAHI,-68.840.816,1.075.413.039,,,,,,,,,,,,
KOTA CIMAHI,-68.840.816,1.075.413.039,,,,,,,,,,,,
KOTA CIMAHI,-68.840.816,1.075.413.039,,,,,,,,,,,,
KOTA CIMAHI,-68.840.816,1.075.413.039,,,,,,,,,,,,
KOTA CIMAHI,-68.840.816,1.075.413.039,,,,,,,,,,,,
KOTA CIMAHI,-68.840.816,1.075.413.039,,,,,,,,,,,,
KOTA CIMAHI,-68.840.816,1.075.413.039,,,,,,,,,,,,
KOTA TASIKMALAYA,-7.350.580.799.999.990,1.082.171.633
KOTA TASIKMALAYA,-7.350.580.799.999.990,1.082.171.633,,,,,,,,,,,,
KOTA TASIKMALAYA,-7.350.580.799.999.990,1.082.171.633,,,,,,,,,,,,
KOTA TASIKMALAYA,-7.350.580.799.999.990,1.082.171.633,,,,,,,,,,,,
KOTA TASIKMALAYA,-7.350.580.799.999.990,1.082.171.633,,,,,,,,,,,,
KOTA TASIKMALAYA,-7.350.580.799.999.990,1.082.171.633,,,,,,,,,,,,
KOTA TASIKMALAYA,-7.350.580.799.999.990,1.082.171.633,,,,,,,,,,,,
KOTA TASIKMALAYA,-7.350.580.799.999.990,1.082.171.633,,,,,,,,,,,,
KOTA TASIKMALAYA,-7.350.580.799.999.990,1.082.171.633,,,,,,,,,,,,
KOTA TASIKMALAYA,-7.350.580.799.999.990,1.082.171.633,,,,,,,,,,,,
KOTA TASIKMALAYA,-7.350.580.799.999.990,1.082.171.633,,,,,,,,,,,,
KOTA TASIKMALAYA,-7.350.580.799.999.990,1.082.171.633,,,,,,,,,,,,
KOTA BANJAR,-73.706.874,1.085.342.487
KOTA BANJAR,-73.706.874,1.085.342.487,,,,,,,,,,,,
KOTA BANJAR,-73.706.874,1.085.342.487,,,,,,,,,,,,
KOTA BANJAR,-73.706.874,1.085.342.487,,,,,,,,,,,,
KOTA BANJAR,-73.706.874,1.085.342.487,,,,,,,,,,,,
KOTA BANJAR,-73.706.874,1.085.342.487,,,,,,,,,,,,
KOTA BANJAR,-73.706.874,1.085.342.487,,,,,,,,,,,,
KOTA BANJAR,-73.706.874,1.085.342.487,,,,,,,,,,,,
KOTA BANJAR,-73.706.874,1.085.342.487,,,,,,,,,,,,
KOTA BANJAR,-73.706.874,1.085.342.487,,,,,,,,,,,,
KOTA BANJAR,-73.706.874,1.085.342.487,,,,,,,,,,,,
KOTA BANJAR,-73.706.874,1.085.342.487,,,,,,,,,,,,
KABUPATEN BOGOR,-65.517.758,1.066.291.304
KABUPATEN BOGOR,-65.517.758,1.066.291.304,,,,,,,,,,,,
KABUPATEN BOGOR,-65.517.758,1.066.291.304,,,,,,,,,,,,
KABUPATEN BOGOR,-65.517.758,1.066.291.304,,,,,,,,,,,,
KABUPATEN BOGOR,-65.517.758,1.066.291.304,,,,,,,,,,,,
KABUPATEN BOGOR,-65.517.758,1.066.291.304,,,,,,,,,,,,
KABUPATEN BOGOR,-65.517.758,1.066.291.304,,,,,,,,,,,,
KABUPATEN BOGOR,-65.517.758,1.066.291.304,,,,,,,,,,,,
KABUPATEN BOGOR,-65.517.758,1.066.291.304,,,,,,,,,,,,
KABUPATEN BOGOR,-65.517.758,1.066.291.304,,,,,,,,,,,,
KABUPATEN BOGOR,-65.517.758,1.066.291.304,,,,,,,,,,,,
KABUPATEN BOGOR,-65.517.758,1.066.291.304,,,,,,,,,,,,
KABUPATEN SUKABUMI,-68.791.499,1.069.474.101
KABUPATEN SUKABUMI,-68.791.499,1.069.474.101,,,,,,,,,,,,
KABUPATEN SUKABUMI,-68.791.499,1.069.474.101,,,,,,,,,,,,
KABUPATEN SUKABUMI,-68.791.499,1.069.474.101,,,,,,,,,,,,
KABUPATEN SUKABUMI,-68.791.499,1.069.474.101,,,,,,,,,,,,
KABUPATEN SUKABUMI,-68.791.499,1.069.474.101,,,,,,,,,,,,
KABUPATEN SUKABUMI,-68.791.499,1.069.474.101,,,,,,,,,,,,
KABUPATEN SUKABUMI,-68.791.499,1.069.474.101,,,,,,,,,,,,
KABUPATEN SUKABUMI,-68.791.499,1.069.474.101,,,,,,,,,,,,
KABUPATEN SUKABUMI,-68.791.499,1.069.474.101,,,,,,,,,,,,
KABUPATEN SUKABUMI,-68.791.499,1.069.474.101,,,,,,,,,,,,
KABUPATEN SUKABUMI,-68.791.499,1.069.474.101,,,,,,,,,,,,
KABUPATEN CIANJUR,-73.579.773,1.071.957.203
KABUPATEN CIANJUR,-73.579.773,1.071.957.203,,,,,,,,,,,,
KABUPATEN CIANJUR,-73.579.773,1.071.957.203,,,,,,,,,,,,
KABUPATEN CIANJUR,-73.579.773,1.071.957.203,,,,,,,,,,,,
KABUPATEN CIANJUR,-73.579.773,1.071.957.203,,,,,,,,,,,,
KABUPATEN CIANJUR,-73.579.773,1.071.957.203,,,,,,,,,,,,
KABUPATEN CIANJUR,-73.579.773,1.071.957.203,,,,,,,,,,,,
KABUPATEN CIANJUR,-73.579.773,1.071.957.203,,,,,,,,,,,,
KABUPATEN CIANJUR,-73.579.773,1.071.957.203,,,,,,,,,,,,
KABUPATEN CIANJUR,-73.579.773,1.071.957.203,,,,,,,,,,,,
KABUPATEN CIANJUR,-73.579.773,1.071.957.203,,,,,,,,,,,,
KABUPATEN CIANJUR,-73.579.773,1.071.957.203,,,,,,,,,,,,
KABUPATEN BANDUNG,-71.340.702,1.076.215.321
KABUPATEN BANDUNG,-71.340.702,1.076.215.321,,,,,,,,,,,,
KABUPATEN BANDUNG,-71.340.702,1.076.215.321,,,,,,,,,,,,
KABUPATEN BANDUNG,-71.340.702,1.076.215.321,,,,,,,,,,,,
KABUPATEN BANDUNG,-71.340.702,1.076.215.321,,,,,,,,,,,,
KABUPATEN BANDUNG,-71.340.702,1.076.215.321,,,,,,,,,,,,
KABUPATEN BANDUNG,-71.340.702,1.076.215.321,,,,,,,,,,,,
KABUPATEN BANDUNG,-71.340.702,1.076.215.321,,,,,,,,,,,,
KABUPATEN BANDUNG,-71.340.702,1.076.215.321,,,,,,,,,,,,
KABUPATEN BANDUNG,-71.340.702,1.076.215.321,,,,,,,,,,,,
KABUPATEN BANDUNG,-71.340.702,1.076.215.321,,,,,,,,,,,,
KABUPATEN BANDUNG,-71.340.702,1.076.215.321,,,,,,,,,,,,
KABUPATEN GARUT,-7.501.220.399.999.990,107.763.621
KABUPATEN GARUT,-7.501.220.399.999.990,107.763.621,,,,,,,,,,,,
KABUPATEN GARUT,-7.501.220.399.999.990,107.763.621,,,,,,,,,,,,
KABUPATEN GARUT,-7.501.220.399.999.990,107.763.621,,,,,,,,,,,,
KABUPATEN GARUT,-7.501.220.399.999.990,107.763.621,,,,,,,,,,,,
KABUPATEN GARUT,-7.501.220.399.999.990,107.763.621,,,,,,,,,,,,
KABUPATEN GARUT,-7.501.220.399.999.990,107.763.621,,,,,,,,,,,,
KABUPATEN GARUT,-7.501.220.399.999.990,107.763.621,,,,,,,,,,,,
KABUPATEN GARUT,-7.501.220.399.999.990,107.763.621,,,,,,,,,,,,
KABUPATEN GARUT,-7.501.220.399.999.990,107.763.621,,,,,,,,,,,,
KABUPATEN GARUT,-7.501.220.399.999.990,107.763.621,,,,,,,,,,,,
KABUPATEN GARUT,-7.501.220.399.999.990,107.763.621,,,,,,,,,,,,
KABUPATEN TASIKMALAYA,-76.513.306,1.081.428.669
KABUPATEN TASIKMALAYA,-76.513.306,1.081.428.669,,,,,,,,,,,,
KABUPATEN TASIKMALAYA,-76.513.306,1.081.428.669,,,,,,,,,,,,
KABUPATEN TASIKMALAYA,-76.513.306,1.081.428.669,,,,,,,,,,,,
KABUPATEN TASIKMALAYA,-76.513.306,1.081.428.669,,,,,,,,,,,,
KABUPATEN TASIKMALAYA,-76.513.306,1.081.428.669,,,,,,,,,,,,
KABUPATEN TASIKMALAYA,-76.513.306,1.081.428.669,,,,,,,,,,,,
KABUPATEN TASIKMALAYA,-76.513.306,1.081.428.669,,,,,,,,,,,,
KABUPATEN TASIKMALAYA,-76.513.306,1.081.428.669,,,,,,,,,,,,
KABUPATEN TASIKMALAYA,-76.513.306,1.081.428.669,,,,,,,,,,,,
KABUPATEN TASIKMALAYA,-76.513.306,1.081.428.669,,,,,,,,,,,,
KABUPATEN TASIKMALAYA,-76.513.306,1.081.428.669,,,,,,,,,,,,
KABUPATEN CIAMIS,-7.332.077.300.000.000,1.083.492.543
KABUPATEN CIAMIS,-7.332.077.300.000.000,1.083.492.543,,,,,,,,,,,,
KABUPATEN CIAMIS,-7.332.077.300.000.000,1.083.492.543,,,,,,,,,,,,
KABUPATEN CIAMIS,-7.332.077.300.000.000,1.083.492.543,,,,,,,,,,,,
KABUPATEN CIAMIS,-7.332.077.300.000.000,1.083.492.543,,,,,,,,,,,,
KABUPATEN CIAMIS,-7.332.077.300.000.000,1.083.492.543,,,,,,,,,,,,
KABUPATEN CIAMIS,-7.332.077.300.000.000,1.083.492.543,,,,,,,,,,,,
KABUPATEN CIAMIS,-7.332.077.300.000.000,1.083.492.543,,,,,,,,,,,,
KABUPATEN CIAMIS,-7.332.077.300.000.000,1.083.492.543,,,,,,,,,,,,
KABUPATEN CIAMIS,-7.332.077.300.000.000,1.083.492.543,,,,,,,,,,,,
KABUPATEN CIAMIS,-7.332.077.300.000.000,1.083.492.543,,,,,,,,,,,,
KABUPATEN CIAMIS,-7.332.077.300.000.000,1.083.492.543,,,,,,,,,,,,
KABUPATEN KUNINGAN,-70.138.053,1.085.700.636
KABUPATEN KUNINGAN,-70.138.053,1.085.700.636,,,,,,,,,,,,
KABUPATEN KUNINGAN,-70.138.053,1.085.700.636,,,,,,,,,,,,
KABUPATEN KUNINGAN,-70.138.053,1.085.700.636,,,,,,,,,,,,
KABUPATEN KUNINGAN,-70.138.053,1.085.700.636,,,,,,,,,,,,
KABUPATEN KUNINGAN,-70.138.053,1.085.700.636,,,,,,,,,,,,
KABUPATEN KUNINGAN,-70.138.053,1.085.700.636,,,,,,,,,,,,
KABUPATEN KUNINGAN,-70.138.053,1.085.700.636,,,,,,,,,,,,
KABUPATEN KUNINGAN,-70.138.053,1.085.700.636,,,,,,,,,,,,
KABUPATEN KUNINGAN,-70.138.053,1.085.700.636,,,,,,,,,,,,
KABUPATEN KUNINGAN,-70.138.053,1.085.700.636,,,,,,,,,,,,
KABUPATEN KUNINGAN,-70.138.053,1.085.700.636,,,,,,,,,,,,
KABUPATEN CIREBON,-66.898.876,1.084.750.846
KABUPATEN CIREBON,-66.898.876,1.084.750.846,,,,,,,,,,,,
KABUPATEN CIREBON,-66.898.876,1.084.750.846,,,,,,,,,,,,
KABUPATEN CIREBON,-66.898.876,1.084.750.846,,,,,,,,,,,,
KABUPATEN CIREBON,-66.898.876,1.084.750.846,,,,,,,,,,,,
KABUPATEN CIREBON,-66.898.876,1.084.750.846,,,,,,,,,,,,
KABUPATEN CIREBON,-66.898.876,1.084.750.846,,,,,,,,,,,,
KABUPATEN CIREBON,-66.898.876,1.084.750.846,,,,,,,,,,,,
KABUPATEN CIREBON,-66.898.876,1.084.750.846,,,,,,,,,,,,
KABUPATEN CIREBON,-66.898.876,1.084.750.846,,,,,,,,,,,,
KABUPATEN CIREBON,-66.898.876,1.084.750.846,,,,,,,,,,,,
KABUPATEN CIREBON,-66.898.876,1.084.750.846,,,,,,,,,,,,
KABUPATEN MAJALENGKA,-67.790.605,1.082.852.049
KABUPATEN MAJALENGKA,-67.790.605,1.082.852.049,,,,,,,,,,,,
KABUPATEN MAJALENGKA,-67.790.605,1.082.852.049,,,,,,,,,,,,
KABUPATEN MAJALENGKA,-67.790.605,1.082.852.049,,,,,,,,,,,,
KABUPATEN MAJALENGKA,-67.790.605,1.082.852.049,,,,,,,,,,,,
KABUPATEN MAJALENGKA,-67.790.605,1.082.852.049,,,,,,,,,,,,
KABUPATEN MAJALENGKA,-67.790.605,1.082.852.049,,,,,,,,,,,,
KABUPATEN MAJALENGKA,-67.790.605,1.082.852.049,,,,,,,,,,,,
KABUPATEN MAJALENGKA,-67.790.605,1.082.852.049,,,,,,,,,,,,
KABUPATEN MAJALENGKA,-67.790.605,1.082.852.049,,,,,,,,,,,,
KABUPATEN MAJALENGKA,-67.790.605,1.082.852.049,,,,,,,,,,,,
KABUPATEN MAJALENGKA,-67.790.605,1.082.852.049,,,,,,,,,,,,
KABUPATEN SUMEDANG,-6.832.858,1.079.531.836
KABUPATEN SUMEDANG,-6.832.858,1.079.531.836,,,,,,,,,,,,
KABUPATEN SUMEDANG,-6.832.858,1.079.531.836,,,,,,,,,,,,
KABUPATEN SUMEDANG,-6.832.858,1.079.531.836,,,,,,,,,,,,
KABUPATEN SUMEDANG,-6.832.858,1.079.531.836,,,,,,,,,,,,
KABUPATEN SUMEDANG,-6.832.858,1.079.531.836,,,,,,,,,,,,
KABUPATEN SUMEDANG,-6.832.858,1.079.531.836,,,,,,,,,,,,
KABUPATEN SUMEDANG,-6.832.858,1.079.531.836,,,,,,,,,,,,
KABUPATEN SUMEDANG,-6.832.858,1.079.531.836,,,,,,,,,,,,
KABUPATEN SUMEDANG,-6.832.858,1.079.531.836,,,,,,,,,,,,
KABUPATEN SUMEDANG,-6.832.858,1.079.531.836,,,,,,,,,,,,
KABUPATEN SUMEDANG,-6.832.858,1.079.531.836,,,,,,,,,,,,
KABUPATEN INDRAMAYU,-633.731,1.083.258.329
KABUPATEN INDRAMAYU,-633.731,1.083.258.329,,,,,,,,,,,,
KABUPATEN INDRAMAYU,-633.731,1.083.258.329,,,,,,,,,,,,
KABUPATEN INDRAMAYU,-633.731,1.083.258.329,,,,,,,,,,,,
KABUPATEN INDRAMAYU,-633.731,1.083.258.329,,,,,,,,,,,,
KABUPATEN INDRAMAYU,-633.731,1.083.258.329,,,,,,,,,,,,
KABUPATEN INDRAMAYU,-633.731,1.083.258.329,,,,,,,,,,,,
KABUPATEN INDRAMAYU,-633.731,1.083.258.329,,,,,,,,,,,,
KABUPATEN INDRAMAYU,-633.731,1.083.258.329,,,,,,,,,,,,
KABUPATEN INDRAMAYU,-633.731,1.083.258.329,,,,,,,,,,,,
KABUPATEN INDRAMAYU,-633.731,1.083.258.329,,,,,,,,,,,,
KABUPATEN INDRAMAYU,-633.731,1.083.258.329,,,,,,,,,,,,
KABUPATEN SUBANG,-63.487.617,107.763.621
KABUPATEN SUBANG,-63.487.617,107.763.621,,,,,,,,,,,,
KABUPATEN SUBANG,-63.487.617,107.763.621,,,,,,,,,,,,
KABUPATEN SUBANG,-63.487.617,107.763.621,,,,,,,,,,,,
KABUPATEN SUBANG,-63.487.617,107.763.621,,,,,,,,,,,,
KABUPATEN SUBANG,-63.487.617,107.763.621,,,,,,,,,,,,
KABUPATEN SUBANG,-63.487.617,107.763.621,,,,,,,,,,,,
KABUPATEN SUBANG,-63.487.617,107.763.621,,,,,,,,,,,,
KABUPATEN SUBANG,-63.487.617,107.763.621,,,,,,,,,,,,
KABUPATEN SUBANG,-63.487.617,107.763.621,,,,,,,,,,,,
KABUPATEN SUBANG,-63.487.617,107.763.621,,,,,,,,,,,,
KABUPATEN SUBANG,-63.487.617,107.763.621,,,,,,,,,,,,
KABUPATEN PURWAKARTA,-65.649.241,1.074.321.959
KABUPATEN PURWAKARTA,-65.649.241,1.074.321.959,,,,,,,,,,,,
KABUPATEN PURWAKARTA,-65.649.241,1.074.321.959,,,,,,,,,,,,
KABUPATEN PURWAKARTA,-65.649.241,1.074.321.959,,,,,,,,,,,,
KABUPATEN PURWAKARTA,-65.649.241,1.074.321.959,,,,,,,,,,,,
KABUPATEN PURWAKARTA,-65.649.241,1.074.321.959,,,,,,,,,,,,
KABUPATEN PURWAKARTA,-65.649.241,1.074.321.959,,,,,,,,,,,,
KABUPATEN PURWAKARTA,-65.649.241,1.074.321.959,,,,,,,,,,,,
KABUPATEN PURWAKARTA,-65.649.241,1.074.321.959,,,,,,,,,,,,
KABUPATEN PURWAKARTA,-65.649.241,1.074.321.959,,,,,,,,,,,,
KABUPATEN PURWAKARTA,-65.649.241,1.074.321.959,,,,,,,,,,,,
KABUPATEN PURWAKARTA,-65.649.241,1.074.321.959,,,,,,,,,,,,
KABUPATEN KARAWANG,-63.227.303,1.073.375.791
KABUPATEN KARAWANG,-63.227.303,1.073.375.791,,,,,,,,,,,,
KABUPATEN KARAWANG,-63.227.303,1.073.375.791,,,,,,,,,,,,
KABUPATEN KARAWANG,-63.227.303,1.073.375.791,,,,,,,,,,,,
KABUPATEN KARAWANG,-63.227.303,1.073.375.791,,,,,,,,,,,,
KABUPATEN KARAWANG,-63.227.303,1.073.375.791,,,,,,,,,,,,
KABUPATEN KARAWANG,-63.227.303,1.073.375.791,,,,,,,,,,,,
KABUPATEN KARAWANG,-63.227.303,1.073.375.791,,,,,,,,,,,,
KABUPATEN KARAWANG,-63.227.303,1.073.375.791,,,,,,,,,,,,
KABUPATEN KARAWANG,-63.227.303,1.073.375.791,,,,,,,,,,,,
KABUPATEN KARAWANG,-63.227.303,1.073.375.791,,,,,,,,,,,,
KABUPATEN KARAWANG,-63.227.303,1.073.375.791,,,,,,,,,,,,
KABUPATEN BEKASI,-63.667.975,1.071.735.694
KABUPATEN BEKASI,-63.667.975,1.071.735.694,,,,,,,,,,,,
KABUPATEN BEKASI,-63.667.975,1.071.735.694,,,,,,,,,,,,
KABUPATEN BEKASI,-63.667.975,1.071.735.694,,,,,,,,,,,,
KABUPATEN BEKASI,-63.667.975,1.071.735.694,,,,,,,,,,,,
KABUPATEN BEKASI,-63.667.975,1.071.735.694,,,,,,,,,,,,
KABUPATEN BEKASI,-63.667.975,1.071.735.694,,,,,,,,,,,,
KABUPATEN BEKASI,-63.667.975,1.071.735.694,,,,,,,,,,,,
KABUPATEN BEKASI,-63.667.975,1.071.735.694,,,,,,,,,,,,
KABUPATEN BEKASI,-63.667.975,1.071.735.694,,,,,,,,,,,,
KABUPATEN BEKASI,-63.667.975,1.071.735.694,,,,,,,,,,,,
KABUPATEN BEKASI,-63.667.975,1.071.735.694,,,,,,,,,,,,
KABUPATEN BANDUNG BARAT,-6.865.221.399.999.990,1.074.919.767
KABUPATEN BANDUNG BARAT,-6.865.221.399.999.990,1.074.919.767,,,,,,,,,,,,
KABUPATEN BANDUNG BARAT,-6.865.221.399.999.990,1.074.919.767,,,,,,,,,,,,
KABUPATEN BANDUNG BARAT,-6.865.221.399.999.990,1.074.919.767,,,,,,,,,,,,
KABUPATEN BANDUNG BARAT,-6.865.221.399.999.990,1.074.919.767,,,,,,,,,,,,
KABUPATEN BANDUNG BARAT,-6.865.221.399.999.990,1.074.919.767,,,,,,,,,,,,
KABUPATEN BANDUNG BARAT,-6.865.221.399.999.990,1.074.919.767,,,,,,,,,,,,
KABUPATEN BANDUNG BARAT,-6.865.221.399.999.990,1.074.919.767,,,,,,,,,,,,
KABUPATEN BANDUNG BARAT,-6.865.221.399.999.990,1.074.919.767,,,,,,,,,,,,
KABUPATEN BANDUNG BARAT,-6.865.221.399.999.990,1.074.919.767,,,,,,,,,,,,
KABUPATEN BANDUNG BARAT,-6.865.221.399.999.990,1.074.919.767,,,,,,,,,,,,
KABUPATEN BANDUNG BARAT,-6.865.221.399.999.990,1.074.919.767,,,,,,,,,,,,
KABUPATEN PANGANDARAN,-7.615.061.099.999.990,1.084.988.269
KABUPATEN PANGANDARAN,-7.615.061.099.999.990,1.084.988.269,,,,,,,,,,,,
KABUPATEN PANGANDARAN,-7.615.061.099.999.990,1.084.988.269,,,,,,,,,,,,
KABUPATEN PANGANDARAN,-7.615.061.099.999.990,1.084.988.269,,,,,,,,,,,,
KABUPATEN PANGANDARAN,-7.615.061.099.999.990,1.084.988.269,,,,,,,,,,,,
KABUPATEN PANGANDARAN,-7.615.061.099.999.990,1.084.988.269,,,,,,,,,,,,
KABUPATEN PANGANDARAN,-7.615.061.099.999.990,1.084.988.269,,,,,,,,,,,,
KABUPATEN PANGANDARAN,-7.615.061.099.999.990,1.084.988.269,,,,,,,,,,,,
KABUPATEN PANGANDARAN,-7.615.061.099.999.990,1.084.988.269,,,,,,,,,,,,
KABUPATEN PANGANDARAN,-7.615.061.099.999.990,1.084.988.269,,,,,,,,,,,,
KABUPATEN PANGANDARAN,-7.615.061.099.999.990,1.084.988.269,,,,,,,,,,,,
KABUPATEN PANGANDARAN,-7.615.061.099.999.990,1.084.988.269,,,,,,,,,,,,
KOTA BOGOR,-6.597.146.899.999.990,1.068.060.388
KOTA BOGOR,-6.597.146.899.999.990,1.068.060.388,,,,,,,,,,,,
KOTA BOGOR,-6.597.146.899.999.990,1.068.060.388,,,,,,,,,,,,
KOTA BOGOR,-6.597.146.899.999.990,1.068.060.388,,,,,,,,,,,,
KOTA BOGOR,-6.597.146.899.999.990,1.068.060.388,,,,,,,,,,,,
KOTA BOGOR,-6.597.146.899.999.990,1.068.060.388,,,,,,,,,,,,
KOTA BOGOR,-6.597.146.899.999.990,1.068.060.388,,,,,,,,,,,,
KOTA BOGOR,-6.597.146.899.999.990,1.068.060.388,,,,,,,,,,,,
KOTA BOGOR,-6.597.146.899.999.990,1.068.060.388,,,,,,,,,,,,
KOTA BOGOR,-6.597.146.899.999.990,1.068.060.388,,,,,,,,,,,,
KOTA BOGOR,-6.597.146.899.999.990,1.068.060.388,,,,,,,,,,,,
KOTA BOGOR,-6.597.146.899.999.990,1.068.060.388,,,,,,,,,,,,
KOTA SUKABUMI,-69.277.361,1.069.299.579
KOTA SUKABUMI,-69.277.361,1.069.299.579,,,,,,,,,,,,
KOTA SUKABUMI,-69.277.361,1.069.299.579,,,,,,,,,,,,
KOTA SUKABUMI,-69.277.361,1.069.299.579,,,,,,,,,,,,
KOTA SUKABUMI,-69.277.361,1.069.299.579,,,,,,,,,,,,
KOTA SUKABUMI,-69.277.361,1.069.299.579,,,,,,,,,,,,
KOTA SUKABUMI,-69.277.361,1.069.299.579,,,,,,,,,,,,
KOTA SUKABUMI,-69.277.361,1.069.299.579,,,,,,,,,,,,
KOTA SUKABUMI,-69.277.361,1.069.299.579,,,,,,,,,,,,
KOTA SUKABUMI,-69.277.361,1.069.299.579,,,,,,,,,,,,
KOTA SUKABUMI,-69.277.361,1.069.299.579,,,,,,,,,,,,
KOTA SUKABUMI,-69.277.361,1.069.299.579,,,,,,,,,,,,
KOTA BANDUNG,-69.174.639,1.076.191.228
KOTA BANDUNG,-69.174.639,1.076.191.228,,,,,,,,,,,,
KOTA BANDUNG,-69.174.639,1.076.191.228,,,,,,,,,,,,
KOTA BANDUNG,-69.174.639,1.076.191.228,,,,,,,,,,,,
KOTA BANDUNG,-69.174.639,1.076.191.228,,,,,,,,,,,,
KOTA BANDUNG,-69.174.639,1.076.191.228,,,,,,,,,,,,
KOTA BANDUNG,-69.174.639,1.076.191.228,,,,,,,,,,,,
KOTA BANDUNG,-69.174.639,1.076.191.228,,,,,,,,,,,,
KOTA BANDUNG,-69.174.639,1.076.191.228,,,,,,,,,,,,
KOTA BANDUNG,-69.174.639,1.076.191.228,,,,,,,,,,,,
KOTA BANDUNG,-69.174.639,1.076.191.228,,,,,,,,,,,,
KOTA BANDUNG,-69.174.639,1.076.191.228,,,,,,,,,,,,
KOTA CIREBON,-6.715.534,108.564.003,,,,,,,,,,,,
KOTA CIREBON,-6.715.534,108.564.003,,,,,,,,,,,,
KOTA CIREBON,-6.715.534,108.564.003,,,,,,,,,,,,
KOTA CIREBON,-6.715.534,108.564.003,,,,,,,,,,,,
KOTA CIREBON,-6.715.534,108.564.003,,,,,,,,,,,,
KOTA CIREBON,-6.715.534,108.564.003,,,,,,,,,,,,
KOTA CIREBON,-6.715.534,108.564.003,,,,,,,,,,,,
KOTA CIREBON,-6.715.534,108.564.003,,,,,,,,,,,,
KOTA CIREBON,-6.715.534,108.564.003,,,,,,,,,,,,
KOTA CIREBON,-6.715.534,108.564.003,,,,,,,,,,,,
KOTA CIREBON,-6.715.534,108.564.003,,,,,,,,,,,,
KOTA CIREBON,-6.715.534,108.564.003,,,,,,,,,,,,
KOTA BEKASI,-6.273.375.799.999.990,1.069.830.865
KOTA BEKASI,-6.273.375.799.999.990,1.069.830.865,,,,,,,,,,,,
KOTA BEKASI,-6.273.375.799.999.990,1.069.830.865,,,,,,,,,,,,
KOTA BEKASI,-6.273.375.799.999.990,1.069.830.865,,,,,,,,,,,,
KOTA BEKASI,-6.273.375.799.999.990,1.069.830.865,,,,,,,,,,,,
KOTA BEKASI,-6.273.375.799.999.990,1.069.830.865,,,,,,,,,,,,
KOTA BEKASI,-6.273.375.799.999.990,1.069.830.865,,,,,,,,,,,,
KOTA BEKASI,-6.273.375.799.999.990,1.069.830.865,,,,,,,,,,,,
KOTA BEKASI,-6.273.375.799.999.990,1.069.830.865,,,,,,,,,,,,
KOTA BEKASI,-6.273.375.799.999.990,1.069.830.865,,,,,,,,,,,,
KOTA BEKASI,-6.273.375.799.999.990,1.069.830.865,,,,,,,,,,,,
KOTA BEKASI,-6.273.375.799.999.990,1.069.830.865,,,,,,,,,,,,
KOTA DEPOK,-64.024.844,1.067.942.405
KOTA DEPOK,-64.024.844,1.067.942.405,,,,,,,,,,,,
KOTA DEPOK,-64.024.844,1.067.942.405,,,,,,,,,,,,
KOTA DEPOK,-64.024.844,1.067.942.405,,,,,,,,,,,,
KOTA DEPOK,-64.024.844,1.067.942.405,,,,,,,,,,,,
KOTA DEPOK,-64.024.844,1.067.942.405,,,,,,,,,,,,
KOTA DEPOK,-64.024.844,1.067.942.405,,,,,,,,,,,,
KOTA DEPOK,-64.024.844,1.067.942.405,,,,,,,,,,,,
KOTA DEPOK,-64.024.844,1.067.942.405,,,,,,,,,,,,
KOTA DEPOK,-64.024.844,1.067.942.405,,,,,,,,,,,,
KOTA DEPOK,-64.024.844,1.067.942.405,,,,,,,,,,,,
KOTA DEPOK,-64.024.844,1.067.942.405,,,,,,,,,,,,
KOTA CIMAHI,-68.840.816,1.075.413.039
KOTA CIMAHI,-68.840.816,1.075.413.039,,,,,,,,,,,,
KOTA CIMAHI,-68.840.816,1.075.413.039,,,,,,,,,,,,
KOTA CIMAHI,-68.840.816,1.075.413.039,,,,,,,,,,,,
KOTA CIMAHI,-68.840.816,1.075.413.039,,,,,,,,,,,,
KOTA CIMAHI,-68.840.816,1.075.413.039,,,,,,,,,,,,
KOTA CIMAHI,-68.840.816,1.075.413.039,,,,,,,,,,,,
KOTA CIMAHI,-68.840.816,1.075.413.039,,,,,,,,,,,,
KOTA CIMAHI,-68.840.816,1.075.413.039,,,,,,,,,,,,
KOTA CIMAHI,-68.840.816,1.075.413.039,,,,,,,,,,,,
KOTA CIMAHI,-68.840.816,1.075.413.039,,,,,,,,,,,,
KOTA CIMAHI,-68.840.816,1.075.413.039,,,,,,,,,,,,
KOTA TASIKMALAYA,-7.350.580.799.999.990,1.082.171.633
KOTA TASIKMALAYA,-7.350.580.799.999.990,1.082.171.633,,,,,,,,,,,,
KOTA TASIKMALAYA,-7.350.580.799.999.990,1.082.171.633,,,,,,,,,,,,
KOTA TASIKMALAYA,-7.350.580.799.999.990,1.082.171.633,,,,,,,,,,,,
KOTA TASIKMALAYA,-7.350.580.799.999.990,1.082.171.633,,,,,,,,,,,,
KOTA TASIKMALAYA,-7.350.580.799.999.990,1.082.171.633,,,,,,,,,,,,
KOTA TASIKMALAYA,-7.350.580.799.999.990,1.082.171.633,,,,,,,,,,,,
KOTA TASIKMALAYA,-7.350.580.799.999.990,1.082.171.633,,,,,,,,,,,,
KOTA TASIKMALAYA,-7.350.580.799.999.990,1.082.171.633,,,,,,,,,,,,
KOTA TASIKMALAYA,-7.350.580.799.999.990,1.082.171.633,,,,,,,,,,,,
KOTA TASIKMALAYA,-7.350.580.799.999.990,1.082.171.633,,,,,,,,,,,,
KOTA BANJAR,-73.706.874,1.085.342.487
KOTA BANJAR,-73.706.874,1.085.342.487,,,,,,,,,,,,
KOTA BANJAR,-73.706.874,1.085.342.487,,,,,,,,,,,,
KOTA BANJAR,-73.706.874,1.085.342.487,,,,,,,,,,,,
KOTA BANJAR,-73.706.874,1.085.342.487,,,,,,,,,,,,
KOTA BANJAR,-73.706.874,1.085.342.487,,,,,,,,,,,,
KOTA BANJAR,-73.706.874,1.085.342.487,,,,,,,,,,,,
KOTA BANJAR,-73.706.874,1.085.342.487,,,,,,,,,,,,
KOTA BANJAR,-73.706.874,1.085.342.487,,,,,,,,,,,,
KOTA BANJAR,-73.706.874,1.085.342.487,,,,,,,,,,,,
KOTA BANJAR,-73.706.874,1.085.342.487,,,,,,,,,,,,
KOTA BANJAR,-73.706.874,1.085.342.487,,,,,,,,,,,,
KABUPATEN BOGOR,-65.517.758,1.066.291.304
KABUPATEN BOGOR,-65.517.758,1.066.291.304
KABUPATEN SUKABUMI,-68.791.499,1.069.474.101
KABUPATEN SUKABUMI,-68.791.499,1.069.474.101
KABUPATEN CIANJUR,-73.579.773,1.071.957.203
KABUPATEN CIANJUR,-73.579.773,1.071.957.203,,,,,,,,,,,,
KABUPATEN BANDUNG,-71.340.702,1.076.215.321
KABUPATEN BANDUNG,-71.340.702,1.076.215.321,,,,,,,,,,,,
KABUPATEN GARUT,-7.501.220.399.999.990,107.763.621
KABUPATEN GARUT,-7.501.220.399.999.990,107.763.621,,,,,,,,,,,,
KABUPATEN TASIKMALAYA,-76.513.306,1.081.428.669
KABUPATEN TASIKMALAYA,-76.513.306,1.081.428.669,,,,,,,,,,,,
KABUPATEN CIAMIS,-7.332.077.300.000.000,1.083.492.543
KABUPATEN CIAMIS,-7.332.077.300.000.000,1.083.492.543,,,,,,,,,,,,
KABUPATEN KUNINGAN,-70.138.053,1.085.700.636
KABUPATEN KUNINGAN,-70.138.053,1.085.700.636,,,,,,,,,,,,
KABUPATEN CIREBON,-66.898.876,1.084.750.846
KABUPATEN CIREBON,-66.898.876,1.084.750.846,,,,,,,,,,,,
KABUPATEN MAJALENGKA,-67.790.605,1.082.852.049
KABUPATEN MAJALENGKA,-67.790.605,1.082.852.049,,,,,,,,,,,,
KABUPATEN SUMEDANG,-6.832.858,1.079.531.836
KABUPATEN SUMEDANG,-6.832.858,1.079.531.836,,,,,,,,,,,,
KABUPATEN INDRAMAYU,-633.731,1.083.258.329
KABUPATEN INDRAMAYU,-633.731,1.083.258.329,,,,,,,,,,,,
KABUPATEN SUBANG,-63.487.617,107.763.621
KABUPATEN SUBANG,-63.487.617,107.763.621,,,,,,,,,,,,
KABUPATEN PURWAKARTA,-65.649.241,1.074.321.959
KABUPATEN PURWAKARTA,-65.649.241,1.074.321.959,,,,,,,,,,,,
KABUPATEN KARAWANG,-63.227.303,1.073.375.791
KABUPATEN KARAWANG,-63.227.303,1.073.375.791,,,,,,,,,,,,
